Dataset,Total_Samples,Easy_Count,Medium_Count,Hard_Count,Easy_Pct,Medium_Pct,Hard_Pct,Avg_Pass@1,Avg_Pass@5,Avg_Pass@10
Easy-heavy,244,133,74,37,0.5450819672131147,0.30327868852459017,0.15163934426229508,0.6571038251366119,0.8786015896671634,0.9080973671137605
Hard-heavy,272,37,74,161,0.13602941176470587,0.27205882352941174,0.5919117647058824,0.296875,0.5635026737967914,0.6530748663101604
Medium-heavy,191,37,80,74,0.193717277486911,0.418848167539267,0.387434554973822,0.4083769633507853,0.7163387804749063,0.7903379343169918
Balanced,330,123,80,127,0.37272727272727274,0.24242424242424243,0.38484848484848483,0.48863636363636365,0.7252372206917661,0.7914600550964187
