Dataset,Total_Samples,Easy_Count,Medium_Count,Hard_Count,Easy_Pct,Medium_Pct,Hard_Pct,Avg_Pass@1,Avg_Pass@5,Avg_Pass@10
Easy-heavy,64,6,39,19,0.09375,0.609375,0.296875,0.38802083333333337,0.7584240845959596,0.8065814393939394
Hard-heavy,182,6,39,137,0.03296703296703297,0.21428571428571427,0.7527472527472527,0.17673992673992672,0.43070124320124326,0.5367132867132868
Medium-heavy,87,6,42,39,0.06896551724137931,0.4827586206896552,0.4482758620689655,0.3266283524904215,0.6931963311273657,0.7859630790665273
Balanced,114,6,42,66,0.05263157894736842,0.3684210526315789,0.5789473684210527,0.26023391812865504,0.5749379762537657,0.672381711855396
