Dataset,Total_Samples,Easy_Count,Medium_Count,Hard_Count,Easy_Pct,Medium_Pct,Hard_Pct,Avg_Pass@1,Avg_Pass@5,Avg_Pass@10
Easy-heavy,27,0,13,14,0.0,0.48148148148148145,0.5185185185185185,0.23765432098765438,0.5536849981294426,0.6167227833894501
Hard-heavy,111,0,13,98,0.0,0.11711711711711711,0.8828828828828829,0.08708708708708711,0.2567795067795068,0.3457548457548458
Medium-heavy,41,0,13,28,0.0,0.3170731707317073,0.6829268292682927,0.1626016260162602,0.39141414141414144,0.450480413895048
Balanced,60,0,13,47,0.0,0.21666666666666667,0.7833333333333333,0.1263888888888889,0.33627946127946123,0.4265151515151515
